id,first_name,last_name,email,gender,ip_address
1,Shina,Ruppeli,sruppeli0@symantec.com,Female,112.212.107.243
2,Zeb,Isoldi,zisoldi1@bravesites.com,Male,196.189.86.95
3,Gerhard,Antonutti,gantonutti2@dagondesign.com,Male,23.51.174.82
4,Elizabeth,Haithwaite,ehaithwaite3@google.co.jp,Female,152.210.171.13
5,Dore,Slixby,dslixby4@bandcamp.com,Male,50.151.222.56
6,Erhard,Burwin,eburwin5@hhs.gov,Male,14.135.168.249
7,Skylar,Welsh,swelsh6@prnewswire.com,Male,101.43.160.244
8,Maye,Rowesby,mrowesby7@zimbio.com,Female,68.178.192.141
9,Vera,Fergyson,vfergyson8@nps.gov,Female,74.248.112.31
10,Michael,Hawkins,mhawkins9@domainmarket.com,Male,45.24.167.134
11,Betteanne,Dan,bdana@princeton.edu,Female,148.237.55.79
12,Haleigh,Lynock,hlynockb@ovh.net,Male,74.154.50.197
13,Moreen,Seymour,mseymourc@blogspot.com,Female,70.7.121.226
14,Baudoin,Hasnney,bhasnneyd@last.fm,Male,164.168.16.122
15,Wyatt,Sawdy,wsawdye@ft.com,Male,46.162.218.179
16,Gustavo,Pantone,gpantonef@ifeng.com,Male,207.148.179.247
17,Andreas,Benwell,abenwellg@arizona.edu,Male,205.206.25.231
18,Maridel,Roseblade,mrosebladeh@apple.com,Female,47.238.4.21
19,Ephrem,Chadbourn,echadbourni@xing.com,Male,164.22.69.58
20,Cherice,Peye,cpeyej@github.io,Female,104.2.49.182
21,Ivonne,McAughtrie,imcaughtriek@google.it,Female,175.28.141.184
22,Patin,Ofen,pofenl@hexun.com,Male,51.33.73.147
23,Wilone,Dionisetti,wdionisettim@wired.com,Female,34.94.105.60
24,Anthe,Bermingham,aberminghamn@amazon.com,Female,56.82.155.209
25,Carolyne,Phizaclea,cphizacleao@gizmodo.com,Female,99.47.179.90
26,Sterling,Cockin,scockinp@timesonline.co.uk,Male,248.18.109.117
27,Wyatan,Hatry,whatryq@1688.com,Male,216.163.188.188
28,Michelina,Wyborn,mwybornr@miibeian.gov.cn,Female,162.151.89.208
29,Marylin,Dowse,mdowses@blogger.com,Female,133.198.75.181
30,Betsey,Crush,bcrusht@google.com,Female,29.184.25.94
31,Dori,Rubenov,drubenovu@umn.edu,Female,201.189.147.216
32,Isabelita,Pealing,ipealingv@statcounter.com,Female,99.67.209.245
33,Del,McOmish,dmcomishw@state.tx.us,Male,63.34.88.19
34,Derron,Huggan,dhugganx@soup.io,Male,110.230.128.30
35,Lenci,Mylan,lmylany@woothemes.com,Male,181.36.46.124
36,Hillary,Stenson,hstensonz@narod.ru,Male,22.232.207.131
37,Sarette,Hars,shars10@ocn.ne.jp,Female,155.62.132.115
38,Elaine,Kirdsch,ekirdsch11@sohu.com,Female,21.40.119.23
39,Libbey,Suttaby,lsuttaby12@cargocollective.com,Female,194.36.147.151
40,Ardra,Reinhart,areinhart13@techcrunch.com,Female,255.251.26.111
41,Fitzgerald,Castello,fcastello14@reverbnation.com,Male,120.196.109.243
42,Dorie,Roalfe,droalfe15@yellowbook.com,Male,11.105.222.90
43,Derron,Van Dijk,dvandijk16@europa.eu,Male,43.13.218.193
44,Nola,Puttan,nputtan17@newsvine.com,Female,251.68.148.90
45,Zacharie,Kingzet,zkingzet18@ask.com,Male,87.111.137.207
46,Gerri,Darcy,gdarcy19@disqus.com,Female,223.27.177.246
47,Wallache,Hessay,whessay1a@youtu.be,Male,58.25.240.102
48,Garry,Trevan,gtrevan1b@state.tx.us,Male,98.177.251.247
49,Jessey,Kuzemka,jkuzemka1c@stumbleupon.com,Male,47.134.94.87
50,Shena,Unsworth,sunsworth1d@flickr.com,Female,110.97.96.176
51,Land,McAnulty,lmcanulty1e@bloglines.com,Male,0.19.66.66
52,Roderic,Gabotti,rgabotti1f@storify.com,Male,222.192.89.134
53,Aggie,Shaddick,ashaddick1g@a8.net,Female,68.166.215.30
54,Benoit,Toone,btoone1h@skype.com,Male,193.11.162.4
55,Darnall,How,dhow1i@linkedin.com,Male,24.67.228.118
56,Cull,Moxsom,cmoxsom1j@statcounter.com,Male,214.145.108.40
57,Barth,Cearley,bcearley1k@vkontakte.ru,Male,51.212.225.16
58,Grange,Petrashkov,gpetrashkov1l@foxnews.com,Male,231.66.58.85
59,Alfie,Brinsford,abrinsford1m@si.edu,Female,83.250.231.215
60,Bobbette,Woolcocks,bwoolcocks1n@t-online.de,Female,246.75.172.251
61,Bryanty,Braunroth,bbraunroth1o@twitter.com,Male,203.3.135.3
62,Lexie,Brende,lbrende1p@cnn.com,Female,68.51.203.166
63,Nickey,Sommerville,nsommerville1q@ameblo.jp,Male,91.16.118.127
64,Jim,Ducker,jducker1r@ca.gov,Male,86.56.220.229
65,Richard,Balleine,rballeine1s@harvard.edu,Male,189.47.254.72
66,Coreen,Wakeman,cwakeman1t@huffingtonpost.com,Female,56.162.183.189
67,Armando,Wilcher,awilcher1u@mediafire.com,Male,114.6.10.0
68,Elga,Loosley,eloosley1v@icq.com,Female,51.117.98.60
69,Saunder,Grzelczak,sgrzelczak1w@dot.gov,Male,58.174.123.77
70,Breanne,Feaveer,bfeaveer1x@toplist.cz,Female,215.39.253.248
71,Nedi,Pallatina,npallatina1y@google.com.au,Female,66.188.43.80
72,Vere,Wainman,vwainman1z@w3.org,Female,26.252.125.158
73,Stacy,Connealy,sconnealy20@shutterfly.com,Male,25.160.222.234
74,Janeva,Cutten,jcutten21@dedecms.com,Female,104.118.203.4
75,Carce,Domney,cdomney22@jimdo.com,Male,224.91.136.176
76,Joell,Sherington,jsherington23@nature.com,Female,35.38.209.168
77,Alanson,Surmeir,asurmeir24@nature.com,Male,122.40.71.70
78,Stanly,O'Kieran,sokieran25@slideshare.net,Male,12.161.80.43
79,Llywellyn,Lampart,llampart26@com.com,Male,198.173.201.35
80,Flossi,Basil,fbasil27@ihg.com,Female,179.91.129.217
81,Drusie,Dunkerly,ddunkerly28@4shared.com,Female,13.196.95.13
82,Bucky,Hasty,bhasty29@de.vu,Male,23.92.113.30
83,Hieronymus,Pexton,hpexton2a@mysql.com,Male,231.229.3.168
84,Titos,Whelpton,twhelpton2b@alexa.com,Male,251.251.253.242
85,Timothea,Amberger,tamberger2c@liveinternet.ru,Female,222.210.146.4
86,Joletta,Desquesnes,jdesquesnes2d@nih.gov,Female,209.110.97.79
87,Hope,Adhams,hadhams2e@tinyurl.com,Female,169.103.207.177
88,Earlie,Lynnitt,elynnitt2f@merriam-webster.com,Male,63.21.62.120
89,Gardener,Petrasek,gpetrasek2g@topsy.com,Male,163.209.163.97
90,Lulita,Sutehall,lsutehall2h@goo.gl,Female,127.11.248.242
91,Pattin,Rathmell,prathmell2i@thetimes.co.uk,Male,228.244.205.140
92,Bealle,Gostall,bgostall2j@uiuc.edu,Male,238.74.73.84
93,Cynthy,Cometson,ccometson2k@ebay.com,Female,20.213.241.209
94,Sven,Sarra,ssarra2l@senate.gov,Male,79.6.116.77
95,Burl,Whebell,bwhebell2m@vimeo.com,Male,66.220.173.111
96,Xerxes,Dowse,xdowse2n@dailymail.co.uk,Male,86.55.128.158
97,Forrest,Saffill,fsaffill2o@time.com,Male,41.214.137.210
98,Marcile,Blake,mblake2p@alibaba.com,Female,132.126.185.239
99,Dean,Connick,dconnick2q@t-online.de,Male,13.63.147.108
100,Winfield,Loadsman,wloadsman2r@quantcast.com,Male,97.252.6.131
101,Gracia,Whodcoat,gwhodcoat2s@columbia.edu,Female,33.31.143.95
102,Orelie,Loude,oloude2t@google.it,Female,49.65.80.58
103,Meaghan,Hansley,mhansley2u@hibu.com,Female,48.161.128.86
104,Bob,Eminson,beminson2v@e-recht24.de,Male,31.104.142.81
105,Georgina,Showen,gshowen2w@stumbleupon.com,Female,59.65.126.250
106,Loise,Westley,lwestley2x@blog.com,Female,86.95.95.106
107,Prissie,Bennell,pbennell2y@geocities.com,Female,228.134.98.196
108,Krispin,Thurston,kthurston2z@wikimedia.org,Male,211.86.33.154
109,Slade,Howen,showen30@hc360.com,Male,12.62.44.64
110,Harwell,Elphee,helphee31@google.de,Male,60.26.48.52
111,Denyse,Caughan,dcaughan32@so-net.ne.jp,Female,23.57.150.132
112,Kerby,Daintier,kdaintier33@cocolog-nifty.com,Male,109.56.91.33
113,Carlee,Pressman,cpressman34@nps.gov,Female,158.10.158.74
114,Eleen,Warriner,ewarriner35@virginia.edu,Female,5.24.255.133
115,Feliza,Tidbald,ftidbald36@jalbum.net,Female,184.186.231.188
116,Janeta,Begent,jbegent37@globo.com,Female,81.77.105.148
117,Christie,Densie,cdensie38@ucoz.com,Male,74.16.158.163
118,Burtie,Marchment,bmarchment39@rediff.com,Male,110.130.140.73
119,Marlie,Glynn,mglynn3a@reuters.com,Female,7.228.43.158
120,Amanda,Instrell,ainstrell3b@t.co,Female,240.136.181.55
121,Holly,Lideard,hlideard3c@cocolog-nifty.com,Female,210.10.246.96
122,Terencio,Kendle,tkendle3d@barnesandnoble.com,Male,159.44.55.225
123,Candy,Murton,cmurton3e@i2i.jp,Female,156.40.215.157
124,Son,Catling,scatling3f@istockphoto.com,Male,173.155.10.25
125,Cassondra,Chelley,cchelley3g@state.tx.us,Female,227.70.99.32
126,Tull,Larmour,tlarmour3h@amazonaws.com,Male,156.253.138.189
127,Janean,Gredden,jgredden3i@unesco.org,Female,41.124.198.22
128,Wolfgang,Bankes,wbankes3j@histats.com,Male,55.171.60.139
129,Bondy,Milington,bmilington3k@dion.ne.jp,Male,162.168.200.33
130,Kimbra,Barnwall,kbarnwall3l@cbslocal.com,Female,64.180.149.90
131,Avrit,Eam,aeam3m@usnews.com,Female,155.169.27.120
132,Phip,Jurries,pjurries3n@mtv.com,Male,119.138.176.26
133,Devin,Chaffe,dchaffe3o@is.gd,Female,154.233.237.234
134,Martie,Chesshyre,mchesshyre3p@wikia.com,Male,246.67.212.249
135,Mead,Spours,mspours3q@webs.com,Male,193.27.48.175
136,Juditha,Sandels,jsandels3r@psu.edu,Female,155.3.106.15
137,Agosto,MacCafferty,amaccafferty3s@sakura.ne.jp,Male,63.139.174.207
138,Ashli,Ainsley,aainsley3t@buzzfeed.com,Female,89.118.63.121
139,Olia,Linbohm,olinbohm3u@cbsnews.com,Female,152.253.157.54
140,Susan,Abbotts,sabbotts3v@vk.com,Female,141.30.205.137
141,Lenora,Origin,lorigin3w@smugmug.com,Female,25.213.97.89
142,Dorothea,Szwandt,dszwandt3x@cnbc.com,Female,132.67.138.8
143,Edita,Bracknall,ebracknall3y@yahoo.co.jp,Female,117.168.162.86
144,Guilbert,Wickman,gwickman3z@privacy.gov.au,Male,102.218.117.94
145,Tamarah,Littlemore,tlittlemore40@cargocollective.com,Female,122.149.82.74
146,Tina,McTague,tmctague41@bravesites.com,Female,184.100.97.81
147,Desiree,Swalowe,dswalowe42@skyrock.com,Female,23.55.0.14
148,Daryle,Witherby,dwitherby43@studiopress.com,Male,113.50.149.51
149,Hilary,Lufkin,hlufkin44@wix.com,Female,8.5.177.70
150,Alexio,Kelso,akelso45@trellian.com,Male,149.213.253.137
151,Minnie,Sandells,msandells46@godaddy.com,Female,4.115.145.118
152,Nicola,Trewartha,ntrewartha47@accuweather.com,Female,147.151.83.221
153,Verne,Ribbens,vribbens48@economist.com,Male,137.16.15.205
154,Bethany,Edmeades,bedmeades49@issuu.com,Female,252.3.125.114
155,Livy,Beckey,lbeckey4a@canalblog.com,Female,164.207.162.75
156,Catina,Deaconson,cdeaconson4b@ucoz.com,Female,157.208.103.27
157,Siegfried,Rollitt,srollitt4c@sakura.ne.jp,Male,117.88.149.241
158,Ky,Splain,ksplain4d@forbes.com,Male,168.80.19.162
159,Juan,Halifax,jhalifax4e@360.cn,Male,93.16.216.164
160,Andrey,Mazey,amazey4f@ask.com,Male,100.229.82.9
161,Kandace,Dobbings,kdobbings4g@apache.org,Female,30.150.104.13
162,Chryste,Pring,cpring4h@hhs.gov,Female,141.35.123.212
163,Jody,Kerridge,jkerridge4i@npr.org,Male,34.186.94.97
164,Giustino,Babidge,gbabidge4j@comsenz.com,Male,251.49.249.219
165,Bevon,Marner,bmarner4k@umn.edu,Male,64.143.192.241
166,Hector,Dotson,hdotson4l@so-net.ne.jp,Male,244.242.96.162
167,Estevan,Spellman,espellman4m@washingtonpost.com,Male,56.27.188.110
168,Vasili,Goffe,vgoffe4n@twitter.com,Male,249.81.103.132
169,Yolane,Ambrozewicz,yambrozewicz4o@globo.com,Female,171.171.183.191
170,Madelyn,Dabel,mdabel4p@quantcast.com,Female,197.164.149.248
171,Kellyann,Spensly,kspensly4q@mashable.com,Female,64.50.177.178
172,Tremayne,Bellis,tbellis4r@ning.com,Male,143.157.133.135
173,Elfrida,Gilfoyle,egilfoyle4s@sphinn.com,Female,5.143.177.248
174,Jarrad,Jerzykiewicz,jjerzykiewicz4t@gnu.org,Male,3.121.137.120
175,Rainer,Widdecombe,rwiddecombe4u@altervista.org,Male,146.83.237.32
176,Robinette,Mardee,rmardee4v@pagesperso-orange.fr,Female,108.246.180.100
177,Chandal,Dopson,cdopson4w@theglobeandmail.com,Female,15.152.166.187
178,Hakeem,Paulon,hpaulon4x@blogger.com,Male,56.130.20.68
179,Kristina,Terbruggen,kterbruggen4y@exblog.jp,Female,76.71.219.179
180,Warner,Crafter,wcrafter4z@sourceforge.net,Male,240.182.131.51
181,Rufe,Shearstone,rshearstone50@studiopress.com,Male,224.138.211.142
182,Lars,Claisse,lclaisse51@who.int,Male,3.82.190.145
183,Huberto,Fassam,hfassam52@wiley.com,Male,67.108.98.153
184,Roman,Windress,rwindress53@sbwire.com,Male,95.155.137.33
185,Odell,Rizzillo,orizzillo54@amazon.co.uk,Male,151.240.101.80
186,Blanch,Writer,bwriter55@wunderground.com,Female,203.243.85.56
187,Care,Beaze,cbeaze56@lulu.com,Male,103.142.225.58
188,Robbie,Livett,rlivett57@columbia.edu,Female,197.15.88.17
189,Abbie,Ferronier,aferronier58@example.com,Male,36.89.200.34
190,Man,Currm,mcurrm59@bbc.co.uk,Male,141.47.55.196
191,Sharlene,Duiged,sduiged5a@youtube.com,Female,178.65.175.207
192,Rosabelle,Faber,rfaber5b@macromedia.com,Female,112.253.171.224
193,Leigh,Scarratt,lscarratt5c@marriott.com,Male,212.154.148.141
194,Smitty,Cater,scater5d@wisc.edu,Male,198.164.76.157
195,Kean,Parratt,kparratt5e@amazonaws.com,Male,91.166.51.67
196,Noll,Heifer,nheifer5f@deliciousdays.com,Male,36.90.167.228
197,Alva,Husband,ahusband5g@wired.com,Male,246.231.158.253
198,Gilligan,Pilkinton,gpilkinton5h@imgur.com,Female,215.86.182.58
199,Nessie,Middleweek,nmiddleweek5i@ft.com,Female,32.22.77.125
200,Gui,McWhorter,gmcwhorter5j@eventbrite.com,Female,103.155.171.202
201,Tiffanie,Emmanuele,temmanuele5k@un.org,Female,154.150.162.158
202,Sherm,Hawkett,shawkett5l@craigslist.org,Male,237.204.148.87
203,Carlos,Filson,cfilson5m@howstuffworks.com,Male,242.69.198.247
204,Umberto,Croshaw,ucroshaw5n@ox.ac.uk,Male,103.254.93.40
205,Lizzy,Gimbart,lgimbart5o@deviantart.com,Female,152.98.16.100
206,Bing,Critchard,bcritchard5p@harvard.edu,Male,198.82.79.205
207,Noach,Yggo,nyggo5q@ibm.com,Male,6.101.16.245
208,Glenda,Crosi,gcrosi5r@dell.com,Female,59.243.12.157
209,Jeremiah,Cartlidge,jcartlidge5s@bravesites.com,Male,189.225.107.42
210,Spencer,Slym,sslym5t@imageshack.us,Male,233.128.116.146
211,Munroe,Ishak,mishak5u@squarespace.com,Male,19.159.161.31
212,Leonelle,Puve,lpuve5v@seesaa.net,Female,178.144.165.1
213,Melvin,Scartifield,mscartifield5w@sina.com.cn,Male,88.2.59.14
214,Maurie,Etty,metty5x@imageshack.us,Male,66.139.61.111
215,Theobald,Kelner,tkelner5y@time.com,Male,161.246.47.56
216,Tabbi,Stoop,tstoop5z@over-blog.com,Female,102.6.216.244
217,Benjy,Burnhams,bburnhams60@independent.co.uk,Male,115.227.33.106
218,Dulcinea,Perrat,dperrat61@slashdot.org,Female,132.6.63.8
219,Mar,Dodman,mdodman62@360.cn,Male,197.88.17.105
220,Traver,Asp,tasp63@forbes.com,Male,123.1.40.28
221,Mahmoud,Huxham,mhuxham64@addthis.com,Male,93.169.242.84
222,Fredek,McPeck,fmcpeck65@vistaprint.com,Male,40.182.40.62
223,Constantine,Pawelec,cpawelec66@youku.com,Female,36.88.254.209
224,Meghann,Giannazzo,mgiannazzo67@sfgate.com,Female,245.156.252.178
225,Alameda,McKaile,amckaile68@ebay.com,Female,103.205.51.20
226,Harwilll,Overington,hoverington69@telegraph.co.uk,Male,206.135.110.227
227,Hughie,Ost,host6a@google.com.hk,Male,8.206.228.106
228,Peria,Tankus,ptankus6b@macromedia.com,Female,139.186.210.123
229,Kass,Grewcock,kgrewcock6c@storify.com,Female,220.139.150.145
230,Tadeas,Prettyjohns,tprettyjohns6d@barnesandnoble.com,Male,130.193.146.166
231,Jaimie,Hamblett,jhamblett6e@fda.gov,Female,89.96.7.105
232,Esma,Tanslie,etanslie6f@sogou.com,Female,224.198.135.163
233,Dalli,Gaughan,dgaughan6g@dailymail.co.uk,Male,90.138.31.43
234,Marillin,McGaughie,mmcgaughie6h@vinaora.com,Female,76.45.198.73
235,Cathyleen,Trenear,ctrenear6i@baidu.com,Female,122.47.126.213
236,Jourdain,Norwich,jnorwich6j@clickbank.net,Male,244.147.116.54
237,Albrecht,Popplestone,apopplestone6k@4shared.com,Male,221.104.172.1
238,Hermann,Bangle,hbangle6l@nytimes.com,Male,202.86.150.149
239,Arnaldo,Howman,ahowman6m@themeforest.net,Male,76.62.151.198
240,Edsel,Matyukon,ematyukon6n@illinois.edu,Male,169.29.77.217
241,Gibby,Hasslocher,ghasslocher6o@squidoo.com,Male,60.115.13.143
242,Gates,Mattiassi,gmattiassi6p@npr.org,Female,90.178.47.47
243,Padgett,Poli,ppoli6q@bloomberg.com,Male,192.16.95.31
244,Bennett,Townes,btownes6r@oakley.com,Male,138.132.86.99
245,Leda,Senussi,lsenussi6s@sina.com.cn,Female,88.154.162.18
246,Tristan,Glassborow,tglassborow6t@ebay.co.uk,Male,128.219.104.223
247,Darryl,Bumphrey,dbumphrey6u@vimeo.com,Male,113.44.150.19
248,Chiquita,Skeermor,cskeermor6v@washington.edu,Female,80.233.89.145
249,Izzy,Clue,iclue6w@altervista.org,Male,158.152.245.224
250,Christal,Wetter,cwetter6x@netlog.com,Female,62.234.44.13
251,Amble,Leneve,aleneve6y@epa.gov,Male,236.222.194.115
252,Jamil,Dybald,jdybald6z@cmu.edu,Male,199.169.162.17
253,Cordy,Brame,cbrame70@jigsy.com,Male,124.169.125.78
254,Gloria,Letham,gletham71@goodreads.com,Female,202.96.68.93
255,Phillipp,Eicheler,peicheler72@google.de,Male,76.122.189.146
256,Quillan,Cowing,qcowing73@chicagotribune.com,Male,133.144.206.215
257,Ollie,Toseland,otoseland74@epa.gov,Male,174.6.153.176
258,Prentice,Vicker,pvicker75@bloglines.com,Male,204.195.197.200
259,Kym,Baxter,kbaxter76@paginegialle.it,Female,202.57.45.222
260,Charlena,Patching,cpatching77@youku.com,Female,165.66.215.202
261,Demetre,Gomer,dgomer78@pinterest.com,Male,163.16.160.140
262,Chen,Butfield,cbutfield79@xinhuanet.com,Male,83.200.35.21
263,Desirae,Weed,dweed7a@zimbio.com,Female,80.204.178.78
264,Barbra,Shayes,bshayes7b@freewebs.com,Female,140.227.102.233
265,Giselbert,Gergler,ggergler7c@biglobe.ne.jp,Male,165.8.206.178
266,Jarrod,Purse,jpurse7d@linkedin.com,Male,186.209.5.157
267,Rhianna,Likely,rlikely7e@feedburner.com,Female,85.61.246.148
268,Kordula,Giovannacc@i,kgiovannacci7f@geocities.com,Female,175.81.159.62
269,Saidee,Battershall,sbattershall7g@yandex.ru,Female,59.254.85.196
270,Marilee,Lidden,mlidden7h@webnode.com,Female,73.67.188.13
271,Sam,Angel,sangel7i@deviantart.com,Male,77.5.15.87
272,Wynn,Gissop,wgissop7j@tiny.cc,Female,94.73.221.14
273,Johnath,Pinching,jpinching7k@kickstarter.com,Female,17.141.95.225
274,Dyanne,Netherwood,dnetherwood7l@dailymail.co.uk,Female,131.101.124.236
275,Faustina,Middlemiss,fmiddlemiss7m@slideshare.net,Female,132.146.246.48
276,Tye,McCulloch,tmcculloch7n@dailymail.co.uk,Male,70.205.75.220
277,Cash,Butterley,cbutterley7o@last.fm,Male,153.163.237.4
278,Bendite,McDougal,bmcdougal7p@comcast.net,Female,121.101.99.245
279,Leonerd,Coo,lcoo7q@cargocollective.com,Male,161.132.173.166
280,Pierette,Johns,pjohns7r@com.com,Female,90.83.94.212
281,Mendy,Battrick,mbattrick7s@patch.com,Male,92.92.229.164
282,Alford,Pagett,apagett7t@wordpress.com,Male,28.19.180.146
283,Bendick,Doucette,bdoucette7u@pen.io,Male,20.154.150.23
284,Philly,Folger,pfolger7v@sohu.com,Female,250.165.43.157
285,Andy,Gavrielli,agavrielli7w@freewebs.com,Male,227.203.148.60
286,Urbano,Stoll,ustoll7x@microsoft.com,Male,57.160.240.216
287,Irene,Carriage,icarriage7y@washington.edu,Female,31.85.160.127
288,Charis,Beggio,cbeggio7z@tuttocitta.it,Female,35.187.79.105
289,Baxy,Abrahamowitcz,babrahamowitcz80@timesonline.co.uk,Male,175.25.239.37
290,Christi,Keoghan,ckeoghan81@smugmug.com,Female,116.11.53.78
291,Freedman,Fronks,ffronks82@cbsnews.com,Male,5.147.118.183
292,Elly,Turvie,eturvie83@liveinternet.ru,Female,44.126.67.14
293,Nicol,Semens,nsemens84@bravesites.com,Male,45.13.65.229
294,Evan,Lace,elace85@umn.edu,Male,195.180.95.59
295,Madeline,Ausher,mausher86@goodreads.com,Female,14.136.173.213
296,Aubrey,Childe,achilde87@hugedomains.com,Male,111.13.62.75
297,Constantia,Jefferson,cjefferson88@multiply.com,Female,77.26.34.225
298,Sadella,Abele,sabele89@eventbrite.com,Female,201.198.230.136
299,Harmonia,Volcker,hvolcker8a@toplist.cz,Female,97.88.37.235
300,Tracie,Puddephatt,tpuddephatt8b@fda.gov,Female,162.119.225.176
301,Dori,Thacker,dthacker8c@admin.ch,Female,81.162.146.135
302,Marion,Seyler,mseyler8d@cnbc.com,Male,145.94.114.122
303,Ashlen,Looker,alooker8e@flavors.me,Female,124.60.181.53
304,Charity,Maroney,cmaroney8f@gmpg.org,Female,254.64.254.200
305,Osgood,Kauble,okauble8g@blinklist.com,Male,58.235.156.28
306,Broderic,Bedome,bbedome8h@altervista.org,Male,37.83.51.72
307,Reinaldo,Rintoul,rrintoul8i@e-recht24.de,Male,133.113.113.35
308,Henka,Mullenger,hmullenger8j@histats.com,Female,23.68.53.15
309,Ingemar,Borgne,iborgne8k@yale.edu,Male,34.198.143.74
310,Horace,Jorez,hjorez8l@baidu.com,Male,253.232.98.168
311,Darn,Jorez,djorez8m@technorati.com,Male,124.43.32.233
312,Bo,Whyte,bwhyte8n@state.tx.us,Male,85.96.12.140
313,Andy,Balm,abalm8o@comcast.net,Male,191.122.151.52
314,Hendrika,Blance,hblance8p@yahoo.co.jp,Female,162.70.167.211
315,Emlyn,Carss,ecarss8q@cargocollective.com,Female,113.131.118.237
316,Lucian,Synnott,lsynnott8r@shinystat.com,Male,224.118.103.18
317,Tersina,Loveitt,tloveitt8s@ameblo.jp,Female,92.243.94.233
318,Waite,Milillo,wmilillo8t@netscape.com,Male,108.34.193.65
319,Malena,Enticknap,menticknap8u@google.cn,Female,20.128.147.42
320,Gavin,Bente,gbente8v@scientificamerican.com,Male,27.242.227.102
321,Cordy,Clayborn,cclayborn8w@huffingtonpost.com,Female,174.89.191.11
322,Aurore,Southern,asouthern8x@sun.com,Female,165.40.237.145
323,Dorie,Heustace,dheustace8y@time.com,Female,64.216.54.202
324,Teresina,Aldrick,taldrick8z@squarespace.com,Female,88.38.38.23
325,Fredric,Thornbarrow,fthornbarrow90@vinaora.com,Male,37.125.194.205
326,Ailsun,Leonarde,aleonarde91@rambler.ru,Female,191.97.118.144
327,Tedmund,Emps,temps92@shareasale.com,Male,225.246.3.111
328,Ray,Buckland,rbuckland93@slate.com,Female,206.53.127.246
329,Monro,Stains,mstains94@webeden.co.uk,Male,123.130.219.110
330,Lynn,Pygott,lpygott95@chicagotribune.com,Male,97.73.189.58
331,Elisa,Darlow,edarlow96@artisteer.com,Female,70.112.58.38
332,Natalina,Whale,nwhale97@tinyurl.com,Female,32.85.24.89
333,Karlis,Adkins,kadkins98@engadget.com,Male,75.13.162.130
334,Allin,Ford,aford99@usgs.gov,Male,30.254.60.130
335,Goddart,Dreng,gdreng9a@ted.com,Male,58.62.203.250
336,Cesar,Beaument,cbeaument9b@alexa.com,Male,147.63.196.221
337,Celestine,Stopher,cstopher9c@pagesperso-orange.fr,Female,143.56.144.54
338,Alejoa,Wolfe,awolfe9d@ucoz.com,Male,185.117.27.205
339,Gaile,Cherm,gcherm9e@reuters.com,Male,103.94.129.27
340,Carolina,Davidovitz,cdavidovitz9f@opera.com,Female,142.247.217.132
341,Morton,Leatherland,mleatherland9g@slideshare.net,Male,156.5.49.174
342,Prentice,Atterbury,patterbury9h@de.vu,Male,151.48.79.11
343,Odell,Farny,ofarny9i@weibo.com,Male,157.80.205.182
344,Daveen,Lautie,dlautie9j@bluehost.com,Female,120.216.189.56
345,Trstram,Schultze,tschultze9k@smh.com.au,Male,205.248.21.89
346,Laraine,Doy,ldoy9l@ed.gov,Female,90.69.156.102
347,Vikki,Cobello,vcobello9m@friendfeed.com,Female,216.108.252.133
348,Cecilius,Tynnan,ctynnan9n@last.fm,Male,59.152.68.176
349,Berkeley,Klewer,bklewer9o@a8.net,Male,202.237.33.254
350,Mose,Saffon,msaffon9p@a8.net,Male,237.175.119.15
351,Sianna,Rubbens,srubbens9q@amazon.com,Female,57.64.232.242
352,Lulu,Butt,lbutt9r@fc2.com,Female,64.207.12.246
353,Goldy,Matschuk,gmatschuk9s@is.gd,Female,10.34.38.116
354,Chiarra,Aloshkin,caloshkin9t@smh.com.au,Female,140.123.218.26
355,Cherie,Wardle,cwardle9u@hp.com,Female,92.248.203.153
356,Luce,McTerlagh,lmcterlagh9v@ibm.com,Male,192.245.151.253
357,Michaella,Tallant,mtallant9w@edublogs.org,Female,33.179.170.224
358,Thalia,Fletcher,tfletcher9x@so-net.ne.jp,Female,99.83.206.47
359,Garik,Simoncello,gsimoncello9y@51.la,Male,72.44.209.169
360,Cyndy,Doggart,cdoggart9z@independent.co.uk,Female,195.145.62.102
361,Aeriell,Vanyutin,avanyutina0@unicef.org,Female,75.109.126.50
362,Alan,Swannie,aswanniea1@com.com,Male,73.70.203.198
363,Quincey,Fuggle,qfugglea2@github.com,Male,210.28.96.82
364,Maiga,McHaffy,mmchaffya3@wikimedia.org,Female,208.234.135.109
365,Obidiah,Burnhams,oburnhamsa4@google.pl,Male,191.7.241.90
366,Alexis,Griss,agrissa5@howstuffworks.com,Female,165.126.74.178
367,Tawsha,Oliveti,tolivetia6@cmu.edu,Female,161.209.28.14
368,Adler,Maase,amaasea7@huffingtonpost.com,Male,82.69.167.208
369,Lina,Kristoffersen,lkristoffersena8@mac.com,Female,134.143.82.166
370,Opalina,McLachlan,omclachlana9@netscape.com,Female,18.90.215.67
371,Abigael,Aucourte,aaucourteaa@addtoany.com,Female,20.60.61.248
372,Bernadene,Alessandretti,balessandrettiab@japanpost.jp,Female,249.94.235.57
373,Violante,Bonellie,vbonellieac@cisco.com,Female,171.214.3.79
374,Ham,Pencost,hpencostad@about.com,Male,42.49.50.19
375,Alfy,Viscovi,aviscoviae@foxnews.com,Male,221.64.110.187
376,Constance,Kett,ckettaf@npr.org,Female,49.196.180.132
377,Blisse,Whitely,bwhitelyag@github.io,Female,245.121.67.29
378,Joya,Scotson,jscotsonah@unc.edu,Female,27.5.26.197
379,Abe,Nunnerley,anunnerleyai@stanford.edu,Male,241.96.120.63
380,Anette,Papen,apapenaj@apache.org,Female,68.239.200.97
381,Barbie,Brewett,bbrewettak@abc.net.au,Female,72.19.119.68
382,Felicdad,Wellum,fwellumal@flickr.com,Female,56.93.8.224
383,Davey,Novkovic,dnovkovicam@canalblog.com,Male,95.187.195.163
384,Kristien,Fetherstone,kfetherstonean@sciencedirect.com,Female,106.242.194.34
385,Rodolph,Dalby,rdalbyao@chicagotribune.com,Male,51.188.238.90
386,Zaccaria,Lowers,zlowersap@tumblr.com,Male,41.123.102.64
387,Martainn,Graveson,mgravesonaq@constantcontact.com,Male,113.199.191.228
388,Melita,Braams,mbraamsar@accuweather.com,Female,69.237.22.55
389,Livy,Chesterton,lchestertonas@dropbox.com,Female,28.142.184.227
390,Ker,Dumphreys,kdumphreysat@hao123.com,Male,127.110.39.137
391,Christopher,Dyzart,cdyzartau@ftc.gov,Male,193.26.62.200
392,Sibel,McQuillin,smcquillinav@sohu.com,Female,199.101.109.145
393,Ethelbert,Blythin,eblythinaw@geocities.com,Male,64.123.68.255
394,Jermaine,Ouslem,jouslemax@ustream.tv,Female,27.41.192.192
395,Sonny,Duffan,sduffanay@sohu.com,Male,218.39.178.35
396,Garfield,Scarse,gscarseaz@hatena.ne.jp,Male,7.83.38.79
397,Fredrick,Kighly,fkighlyb0@nature.com,Male,75.24.35.2
398,Ferdinanda,Vince,fvinceb1@nature.com,Female,232.2.253.58
399,Charil,Klisch,cklischb2@unblog.fr,Female,165.74.175.198
400,Doy,Weale,dwealeb3@twitter.com,Male,54.150.103.231
401,Reinhold,Isenor,risenorb4@amazon.com,Male,192.120.97.44
402,Morgen,Bridson,mbridsonb5@topsy.com,Male,230.150.8.238
403,Akim,Illidge,aillidgeb6@howstuffworks.com,Male,40.168.184.69
404,Jeffrey,Vigne,jvigneb7@linkedin.com,Male,245.252.55.240
405,Kyle,Clerke,kclerkeb8@europa.eu,Male,19.240.38.124
406,Julee,Sebright,jsebrightb9@nature.com,Female,29.151.244.141
407,Alix,Kelshaw,akelshawba@bbb.org,Female,158.16.39.127
408,Zane,Ianinotti,zianinottibb@barnesandnoble.com,Male,144.137.218.224
409,Margaux,Jurczak,mjurczakbc@nsw.gov.au,Female,142.226.153.44
410,Dallon,Bourgaize,dbourgaizebd@shutterfly.com,Male,130.47.128.108
411,Brucie,Swadon,bswadonbe@aboutads.info,Male,179.25.142.254
412,Mortimer,Toquet,mtoquetbf@icq.com,Male,101.25.167.73
413,Reuven,Rozenbaum,rrozenbaumbg@domainmarket.com,Male,78.94.161.77
414,Ernesta,Boniface,ebonifacebh@nih.gov,Female,212.15.42.38
415,Hakim,Kilsby,hkilsbybi@state.tx.us,Male,63.158.115.30
416,Jasmin,Reuter,jreuterbj@alexa.com,Female,172.198.177.173
417,Barbra,Yesinin,byesininbk@dailymotion.com,Female,95.24.170.218
418,Cristy,Hurnell,churnellbl@seattletimes.com,Female,173.191.34.152
419,Michele,Earngy,mearngybm@nasa.gov,Male,135.168.3.72
420,Elspeth,Lamming,elammingbn@csmonitor.com,Female,40.81.93.79
421,Clarice,Reucastle,creucastlebo@mtv.com,Female,99.45.81.170
422,Augustine,Noto,anotobp@simplemachines.org,Female,188.221.115.205
423,Monti,Idell,midellbq@usda.gov,Male,225.106.228.103
424,Edna,Hessay,ehessaybr@earthlink.net,Female,56.14.253.165
425,Maressa,O'Skehan,moskehanbs@artisteer.com,Female,29.126.90.49
426,Monro,Forbear,mforbearbt@columbia.edu,Male,168.88.23.28
427,Elsie,Ciraldo,eciraldobu@redcross.org,Female,79.197.32.62
428,Ferrel,Keen,fkeenbv@shareasale.com,Male,142.44.23.243
429,Lars,Szymon,lszymonbw@uol.com.br,Male,235.7.128.122
430,Luciana,Collins,lcollinsbx@blogger.com,Female,24.9.51.175
431,Janeta,Pettisall,jpettisallby@edublogs.org,Female,241.51.193.103
432,Lowell,Wearne,lwearnebz@google.nl,Male,238.228.14.126
433,Berrie,Hastings,bhastingsc0@dot.gov,Female,165.115.204.212
434,Bobby,Yggo,byggoc1@cnet.com,Male,47.230.131.20
435,Leonora,Braunston,lbraunstonc2@1688.com,Female,95.220.5.206
436,Willey,Wyon,wwyonc3@cargocollective.com,Male,88.45.175.176
437,Alla,Rosengarten,arosengartenc4@bluehost.com,Female,73.14.242.226
438,Debera,Pinsent,dpinsentc5@wufoo.com,Female,62.73.80.134
439,Paige,Zorzenoni,pzorzenonic6@gov.uk,Female,144.91.158.89
440,Leisha,Mackelworth,lmackelworthc7@gmpg.org,Female,99.89.148.143
441,Hewitt,Hewertson,hhewertsonc8@squarespace.com,Male,233.116.164.225
442,Chen,Clarson,cclarsonc9@hostgator.com,Male,93.28.254.25
443,Rockwell,MacLise,rmacliseca@harvard.edu,Male,162.46.244.248
444,Zulema,Mealand,zmealandcb@1688.com,Female,144.7.45.81
445,Axel,MacGauhy,amacgauhycc@i2i.jp,Male,141.242.174.60
446,Kris,Sidaway,ksidawaycd@wired.com,Female,79.8.154.99
447,Adelaide,Shirtcliffe,ashirtcliffece@cyberchimps.com,Female,118.251.110.175
448,Angele,Selbie,aselbiecf@npr.org,Female,98.59.46.204
449,Gran,Elland,gellandcg@blogger.com,Male,127.115.255.240
450,Caterina,Falconar,cfalconarch@intel.com,Female,39.147.44.22
451,Gwennie,Krzysztof,gkrzysztofci@alibaba.com,Female,138.106.235.85
452,Julio,Gethings,jgethingscj@tumblr.com,Male,95.74.247.76
453,Seamus,Iannuzzi,siannuzzick@cmu.edu,Male,26.229.30.9
454,Derick,Carlone,dcarlonecl@blogtalkradio.com,Male,113.189.110.80
455,Jase,O'Finan,jofinancm@usatoday.com,Male,232.190.168.198
456,Merlina,Pankhurst.,mpankhurstcn@smh.com.au,Female,242.65.54.14
457,Isidoro,Castanaga,icastanagaco@geocities.com,Male,129.146.161.146
458,Brockie,Corby,bcorbycp@mapquest.com,Male,111.7.248.250
459,Jed,Gillibrand,jgillibrandcq@gov.uk,Male,222.182.150.145
460,Aarika,Richards,arichardscr@themeforest.net,Female,152.26.179.113
461,Jermayne,Luckes,jluckescs@rambler.ru,Male,60.7.127.253
462,Erv,Tees,eteesct@huffingtonpost.com,Male,54.169.124.225
463,Daffy,Reame,dreamecu@wufoo.com,Female,24.161.85.91
464,Burnard,Heak,bheakcv@163.com,Male,99.70.247.238
465,Llewellyn,Luckin,lluckincw@loc.gov,Male,89.112.253.55
466,Marylee,Somerled,msomerledcx@csmonitor.com,Female,230.9.215.134
467,Leonid,Worsnap,lworsnapcy@mac.com,Male,64.181.211.58
468,Delilah,Davydkov,ddavydkovcz@lycos.com,Female,36.154.255.151
469,Spencer,Dory,sdoryd0@archive.org,Male,28.101.183.223
470,Mabelle,Joris,mjorisd1@oakley.com,Female,43.73.51.201
471,Creighton,Posen,cposend2@google.co.uk,Male,197.183.98.114
472,Rhona,Reiners,rreinersd3@sun.com,Female,173.244.235.32
473,Ediva,Martinat,emartinatd4@slashdot.org,Female,236.255.176.3
474,Dottie,Flegg,dfleggd5@biglobe.ne.jp,Female,187.211.215.194
475,Maegan,Julyan,mjulyand6@cdc.gov,Female,126.7.125.242
476,Ivor,Tabbitt,itabbittd7@vkontakte.ru,Male,140.141.113.168
477,Jasun,Schrinel,jschrineld8@youku.com,Male,142.117.87.227
478,Yank,Alldis,yalldisd9@youku.com,Male,155.228.96.198
479,Quentin,Copnar,qcopnarda@google.fr,Male,193.178.125.104
480,Cherry,Bizzey,cbizzeydb@earthlink.net,Female,154.178.63.129
481,Augy,Bullent,abullentdc@go.com,Male,253.134.196.236
482,Demott,Anker,dankerdd@ucoz.com,Male,233.215.156.24
483,Muire,Landeaux,mlandeauxde@e-recht24.de,Female,213.182.27.251
484,Aubrie,Lukasik,alukasikdf@dailymotion.com,Female,85.75.135.211
485,Wren,Dorwood,wdorwooddg@surveymonkey.com,Female,168.99.127.76
486,Kelwin,Tollerfield,ktollerfielddh@businessinsider.com,Male,127.154.52.181
487,Celestyn,Battyll,cbattylldi@columbia.edu,Female,3.25.199.129
488,Noelani,Balmer,nbalmerdj@com.com,Female,20.188.209.109
489,Koren,Weippert,kweippertdk@prweb.com,Female,107.235.205.37
490,Lazar,Wise,lwisedl@cbslocal.com,Male,115.154.120.28
491,Wenona,Scollan,wscollandm@opera.com,Female,235.126.145.190
492,Pansy,Impson,pimpsondn@umn.edu,Female,175.151.212.168
493,Addy,Fritschmann,afritschmanndo@a8.net,Female,62.114.77.166
494,Grier,Parlour,gparlourdp@forbes.com,Female,159.50.184.243
495,Harriot,Marrington,hmarringtondq@github.io,Female,37.29.54.191
496,Jeniece,Leighton,jleightondr@japanpost.jp,Female,218.34.254.64
497,Wilmar,Ingall,wingallds@hao123.com,Male,178.116.60.86
498,Jessalin,Bogue,jboguedt@cdc.gov,Female,236.160.95.110
499,Bay,Bras,bbrasdu@japanpost.jp,Male,240.85.209.69
500,Caron,Dews,cdewsdv@independent.co.uk,Female,219.69.117.101
501,Britt,Currum,bcurrumdw@parallels.com,Male,46.108.184.43
502,Stefano,Mace,smacedx@fastcompany.com,Male,223.149.221.82
503,Natty,Danforth,ndanforthdy@berkeley.edu,Female,79.67.206.196
504,Othelia,Merrell,omerrelldz@bbc.co.uk,Female,89.203.176.191
505,Ignacio,Bonallick,ibonallicke0@sciencedirect.com,Male,161.234.115.57
506,Marjy,Kersley,mkersleye1@cnet.com,Female,27.61.147.20
507,Emelyne,Raleston,eralestone2@mediafire.com,Female,158.47.52.98
508,Reeta,Loiterton,rloitertone3@unblog.fr,Female,35.82.44.66
509,Meredith,Bradly,mbradlye4@xinhuanet.com,Male,153.202.226.152
510,Darryl,Fernant,dfernante5@livejournal.com,Female,50.152.49.18
511,Killy,Whatham,kwhathame6@tripadvisor.com,Male,189.244.131.157
512,Brena,Venables,bvenablese7@narod.ru,Female,136.18.206.212
513,Gallard,Bullman,gbullmane8@booking.com,Male,192.78.69.240
514,Paquito,Braz,pbraze9@bluehost.com,Male,218.52.240.208
515,Konstance,Sponder,ksponderea@elpais.com,Female,49.10.251.242
516,Raye,Boyet,rboyeteb@pcworld.com,Female,36.238.183.37
517,Jamey,Sanches,jsanchesec@biglobe.ne.jp,Male,26.233.72.140
518,Dennison,Dotterill,ddotterilled@theguardian.com,Male,184.239.238.174
519,Artur,Enders,aendersee@mediafire.com,Male,2.19.99.244
520,Leonidas,Vigurs,lvigursef@netscape.com,Male,223.196.221.65
521,Nedi,Tomlin,ntomlineg@fc2.com,Female,15.102.159.57
522,Towny,Aleksandrov,taleksandroveh@hubpages.com,Male,205.41.155.104
523,Mathian,Illes,millesei@imageshack.us,Male,226.34.42.161
524,Gates,Wildin,gwildinej@bandcamp.com,Female,56.127.205.242
525,Kain,Mapother,kmapotherek@godaddy.com,Male,15.137.205.82
526,Bari,Gristock,bgristockel@privacy.gov.au,Female,167.104.157.214
527,Burt,Ashburne,bashburneem@homestead.com,Male,250.202.74.180
528,Hobey,Peetermann,hpeetermannen@merriam-webster.com,Male,58.103.224.160
529,Birk,Warlawe,bwarlaweeo@skype.com,Male,236.91.93.244
530,Brodie,Arro,barroep@wordpress.org,Male,170.194.68.100
531,Kathryne,Lealle,klealleeq@ft.com,Female,162.60.52.45
532,Philomena,Gaze,pgazeer@redcross.org,Female,98.226.111.41
533,Torrin,Baurerich,tbaureriches@comcast.net,Male,214.0.141.121
534,Neysa,Syce,nsyceet@ftc.gov,Female,116.247.201.16
535,Roland,Thurlbeck,rthurlbeckeu@shop-pro.jp,Male,97.254.254.248
536,Kelsey,Ausher,kausherev@cnn.com,Female,196.113.121.211
537,Allyn,Luchetti,aluchettiew@ocn.ne.jp,Male,37.83.137.31
538,Broderic,Edgcumbe,bedgcumbeex@shinystat.com,Male,163.167.135.243
539,Pamela,Nerval,pnervaley@163.com,Female,78.172.215.102
540,Emalia,Killcross,ekillcrossez@mit.edu,Female,166.109.117.197
541,Cyndi,Horsewood,chorsewoodf0@phpbb.com,Female,65.35.209.53
542,Roy,Monteith,rmonteithf1@telegraph.co.uk,Male,114.120.251.8
543,Elsi,Jockle,ejocklef2@loc.gov,Female,140.160.159.216
544,Vidovik,Pigden,vpigdenf3@xrea.com,Male,120.73.87.160
545,Bobbye,Durbridge,bdurbridgef4@boston.com,Female,235.240.220.164
546,Sherri,Rendell,srendellf5@goo.gl,Female,121.240.166.210
547,Marylee,Port,mportf6@oracle.com,Female,10.206.88.44
548,Paulo,Snoday,psnodayf7@businesswire.com,Male,111.254.110.149
549,Barde,Oehm,boehmf8@forbes.com,Male,10.98.34.5
550,Preston,Syson,psysonf9@youtube.com,Male,144.209.32.46
551,Geordie,Powles,gpowlesfa@nifty.com,Male,42.249.129.123
552,Rosalie,Mingauld,rmingauldfb@webnode.com,Female,182.221.111.205
553,Ebony,Strowan,estrowanfc@unblog.fr,Female,146.61.178.130
554,Rosemarie,Berlin,rberlinfd@china.com.cn,Female,234.162.235.166
555,Carling,Shillaber,cshillaberfe@admin.ch,Male,88.193.77.236
556,Alvera,Cabotto,acabottoff@drupal.org,Female,233.11.227.215
557,Kathie,Abbey,kabbeyfg@fda.gov,Female,255.98.108.138
558,Audi,Auchterlony,aauchterlonyfh@mashable.com,Female,151.103.145.233
559,Jerrie,Nancekivell,jnancekivellfi@army.mil,Male,159.38.236.166
560,Sarine,Aisthorpe,saisthorpefj@fastcompany.com,Female,99.199.194.133
561,Nomi,Slides,nslidesfk@washington.edu,Female,81.37.1.176
562,Bradley,Leverette,bleverettefl@surveymonkey.com,Male,236.140.82.74
563,Rolland,Henrot,rhenrotfm@google.com.au,Male,16.118.101.157
564,Eadmund,Van de Vlies,evandevliesfn@squarespace.com,Male,84.240.170.163
565,Ardella,Hambright,ahambrightfo@eventbrite.com,Female,96.71.133.114
566,Benn,Shaplin,bshaplinfp@examiner.com,Male,58.5.69.146
567,Gill,Burril,gburrilfq@jugem.jp,Male,19.70.127.199
568,Ludovico,Arnaldy,larnaldyfr@google.com,Male,138.252.188.75
569,Maurice,Wardingly,mwardinglyfs@ezinearticles.com,Male,36.197.11.246
570,Terrel,Braithwait,tbraithwaitft@ycombinator.com,Male,188.189.160.74
571,Alden,Kitley,akitleyfu@tmall.com,Male,51.52.208.114
572,Nap,Klaesson,nklaessonfv@joomla.org,Male,3.35.118.94
573,Emelyne,Blakelock,eblakelockfw@diigo.com,Female,103.181.87.79
574,Darill,Sheron,dsheronfx@biglobe.ne.jp,Male,122.102.1.204
575,Cam,Orans,coransfy@php.net,Female,147.9.229.107
576,Olympia,Tritton,otrittonfz@alibaba.com,Female,184.171.44.127
577,Ealasaid,Dashkov,edashkovg0@symantec.com,Female,9.151.181.249
578,Leigha,Gierth,lgierthg1@reuters.com,Female,236.252.144.93
579,Georg,Vizor,gvizorg2@cpanel.net,Male,86.169.112.202
580,Gasparo,Yabsley,gyabsleyg3@hhs.gov,Male,138.81.89.243
581,Guglielma,Resun,gresung4@guardian.co.uk,Female,197.94.112.237
582,Tedmund,Limeburner,tlimeburnerg5@deliciousdays.com,Male,118.239.13.198
583,Ritchie,Grocott,rgrocottg6@ftc.gov,Male,90.66.95.134
584,Renata,Licciardiello,rlicciardiellog7@flavors.me,Female,26.154.147.61
585,Shina,Pummell,spummellg8@zimbio.com,Female,124.207.32.102
586,Yoko,Iacovino,yiacovinog9@squidoo.com,Female,183.86.152.151
587,Robby,Lindwasser,rlindwasserga@wsj.com,Female,108.62.209.46
588,Cordie,Mouse,cmousegb@aol.com,Male,19.160.103.86
589,Gabriella,Twinning,gtwinninggc@smugmug.com,Female,186.215.233.35
590,Adele,Llewellin,allewellingd@blogtalkradio.com,Female,186.167.53.80
591,Ode,Jurgensen,ojurgensenge@naver.com,Male,80.10.74.12
592,Jeremiah,Ridel,jridelgf@arizona.edu,Male,83.178.244.216
593,Fiann,Batters,fbattersgg@java.com,Female,242.42.31.130
594,Dolores,Arundel,darundelgh@bravesites.com,Female,179.151.228.108
595,Adan,Petraitis,apetraitisgi@telegraph.co.uk,Male,57.168.106.182
596,Giorgi,Laurent,glaurentgj@topsy.com,Male,242.71.204.74
597,Alessandro,Matten,amattengk@kickstarter.com,Male,106.112.228.221
598,Faulkner,Allwood,fallwoodgl@google.co.uk,Male,103.23.179.211
599,Torin,Monteith,tmonteithgm@digg.com,Male,3.167.159.14
600,Virginie,Crock,vcrockgn@dedecms.com,Female,75.28.58.69
601,Lindy,Sinnott,lsinnottgo@purevolume.com,Male,78.208.244.186
602,Hector,Sans,hsansgp@friendfeed.com,Male,120.26.214.48
603,Clim,Scarlet,cscarletgq@discovery.com,Male,191.62.62.149
604,Shawna,Verbeke,sverbekegr@bravesites.com,Female,87.232.168.118
605,Ilse,Georgeau,igeorgeaugs@mapquest.com,Female,130.62.245.13
606,Alessandro,Twitchett,atwitchettgt@hao123.com,Male,199.247.79.98
607,Tania,Bugs,tbugsgu@howstuffworks.com,Female,35.52.16.18
608,Cassaundra,Weine,cweinegv@furl.net,Female,88.174.147.96
609,Simone,Denver,sdenvergw@qq.com,Male,146.236.119.117
610,Alley,Azemar,aazemargx@ucsd.edu,Male,131.148.231.215
611,Ira,Laurencot,ilaurencotgy@imgur.com,Male,59.40.32.251
612,Alic,Bratcher,abratchergz@shinystat.com,Male,117.116.55.144
613,Thayne,Bottleson,tbottlesonh0@patch.com,Male,36.182.93.69
614,Annamaria,Hagley,ahagleyh1@cyberchimps.com,Female,101.74.245.98
615,Clayson,Doick,cdoickh2@gmpg.org,Male,130.84.226.108
616,Dorian,Morlon,dmorlonh3@t-online.de,Male,183.50.75.130
617,Donall,Whytock,dwhytockh4@comcast.net,Male,183.31.44.68
618,Rod,Zipsell,rzipsellh5@upenn.edu,Male,33.73.189.156
619,Seana,Treby,strebyh6@wunderground.com,Female,184.42.42.78
620,Wolf,Finders,wfindersh7@mediafire.com,Male,35.10.41.20
621,Kimball,Boschmann,kboschmannh8@people.com.cn,Male,112.228.72.69
622,Myrta,Cranson,mcransonh9@state.tx.us,Female,227.167.69.143
623,Maurine,Cutchee,mcutcheeha@dagondesign.com,Female,220.107.30.95
624,Celestia,Bleazard,cbleazardhb@nyu.edu,Female,83.234.222.203
625,Marcy,Quail,mquailhc@sun.com,Female,122.155.75.85
626,Jedediah,Brandi,jbrandihd@tmall.com,Male,178.239.201.116
627,Philippine,Bugge,pbuggehe@usa.gov,Female,223.6.235.92
628,Betti,Larchier,blarchierhf@slideshare.net,Female,70.36.144.12
629,Hope,Hewson,hhewsonhg@ning.com,Female,83.120.181.204
630,Esdras,Shade,eshadehh@digg.com,Male,193.37.183.95
631,Reginauld,Skrine,rskrinehi@economist.com,Male,166.209.189.32
632,Robert,O'Doireidh,rodoireidhhj@wired.com,Male,116.0.182.39
633,Konstance,Drexel,kdrexelhk@comcast.net,Female,154.69.130.127
634,Marya,Mingay,mmingayhl@tamu.edu,Female,95.7.64.182
635,Hal,Tremaine,htremainehm@weibo.com,Male,14.108.76.89
636,Wallie,Billinge,wbillingehn@nymag.com,Female,215.36.80.238
637,Lulu,Riding,lridingho@eventbrite.com,Female,117.16.156.57
638,Delmar,Peealess,dpeealesshp@posterous.com,Male,46.69.169.187
639,Jacinda,Stringman,jstringmanhq@nasa.gov,Female,87.106.133.221
640,Christiane,Bruty,cbrutyhr@sogou.com,Female,119.91.247.35
641,Skyler,McCaughran,smccaughranhs@4shared.com,Male,100.29.62.22
642,Eirena,Sodeau,esodeauht@miitbeian.gov.cn,Female,228.225.157.106
643,Freddie,Billiard,fbilliardhu@hc360.com,Male,245.14.14.93
644,Sawyer,Stearne,sstearnehv@kickstarter.com,Male,156.64.72.17
645,Tyrus,Simonds,tsimondshw@shop-pro.jp,Male,159.96.227.35
646,Ashia,Downie,adowniehx@pinterest.com,Female,206.242.219.100
647,Nye,Habeshaw,nhabeshawhy@google.co.jp,Male,253.210.7.121
648,Maryl,Delatour,mdelatourhz@sina.com.cn,Female,223.230.77.111
649,Lebbie,Kynd,lkyndi0@seesaa.net,Female,3.122.36.235
650,Suzie,Brumhead,sbrumheadi1@g.co,Female,187.59.74.100
651,Kingston,Michelet,kmicheleti2@yolasite.com,Male,216.9.177.20
652,Tedman,Hawkslee,thawksleei3@blogspot.com,Male,224.211.155.166
653,Tyrone,Leidl,tleidli4@nsw.gov.au,Male,161.17.189.87
654,Holly-anne,Ludgrove,hludgrovei5@hostgator.com,Female,10.7.114.29
655,Barry,Downing,bdowningi6@devhub.com,Male,238.205.71.118
656,Imojean,Guitonneau,iguitonneaui7@fema.gov,Female,224.8.6.253
657,Neddie,Blinder,nblinderi8@ted.com,Male,170.254.144.104
658,Patin,Crotty,pcrottyi9@state.tx.us,Male,70.202.76.102
659,Alick,Petrie,apetrieia@ezinearticles.com,Male,51.143.243.49
660,Ofella,Jaques,ojaquesib@google.es,Female,192.56.187.141
661,Sheilah,Tesyro,stesyroic@feedburner.com,Female,7.59.120.53
662,Gage,Coverly,gcoverlyid@weebly.com,Male,90.40.110.101
663,Gorden,Phelp,gphelpie@newyorker.com,Male,89.146.177.83
664,Caressa,Biggen,cbiggenif@imgur.com,Female,76.51.13.195
665,Keenan,Charlton,kcharltonig@unblog.fr,Male,161.79.57.180
666,Saul,Tait,staitih@abc.net.au,Male,21.35.231.204
667,Jonell,Ladley,jladleyii@4shared.com,Female,147.215.55.227
668,Dion,Dutteridge,ddutteridgeij@google.cn,Male,95.243.9.104
669,Tallie,Edgehill,tedgehillik@feedburner.com,Male,207.126.22.18
670,Augusta,Knevett,aknevettil@scientificamerican.com,Female,85.138.253.186
671,Elia,Amdohr,eamdohrim@pinterest.com,Male,96.159.83.68
672,Aube,Dooland,adoolandin@illinois.edu,Male,115.68.251.2
673,Tanner,Acland,taclandio@google.nl,Male,131.223.134.158
674,Cindie,Greening,cgreeningip@epa.gov,Female,71.165.214.188
675,Ryan,Le Moucheux,rlemoucheuxiq@elpais.com,Male,35.44.58.219
676,Andree,Raithmill,araithmillir@cyberchimps.com,Female,25.108.53.169
677,Garner,Senn,gsennis@digg.com,Male,84.195.252.50
678,Eric,Gerholz,egerholzit@amazon.com,Male,203.67.243.33
679,Aland,Artiss,aartissiu@soup.io,Male,255.141.30.123
680,Merrill,Bezarra,mbezarraiv@state.gov,Female,44.232.215.177
681,Olivie,Crissil,ocrissiliw@wikispaces.com,Female,183.243.146.248
682,Broderic,Kubicka,bkubickaix@boston.com,Male,100.241.118.165
683,Lucita,Piborn,lpiborniy@wikispaces.com,Female,13.53.65.40
684,Britney,Runge,brungeiz@disqus.com,Female,148.91.134.41
685,Jobi,Kierans,jkieransj0@cbc.ca,Female,73.229.209.202
686,Issi,Coalbran,icoalbranj1@utexas.edu,Female,172.159.110.185
687,Norman,Justis,njustisj2@marriott.com,Male,21.171.169.153
688,Jake,Cosford,jcosfordj3@bloglovin.com,Male,200.31.24.236
689,Brana,Berndsen,bberndsenj4@uol.com.br,Female,59.142.146.137
690,Elora,Allday,ealldayj5@theguardian.com,Female,70.182.246.178
691,Dedie,Reeders,dreedersj6@comcast.net,Female,192.55.7.167
692,Rance,Servis,rservisj7@tinyurl.com,Male,48.85.36.219
693,Emmit,Preston,eprestonj8@xinhuanet.com,Male,201.182.11.186
694,Hedvige,Sendley,hsendleyj9@artisteer.com,Female,168.168.250.64
695,Iolanthe,Tompkiss,itompkissja@princeton.edu,Female,146.254.241.6
696,Doris,Rusbridge,drusbridgejb@deliciousdays.com,Female,27.119.239.83
697,Quinlan,Breche,qbrechejc@slideshare.net,Male,134.50.239.97
698,Ernestus,Liepina,eliepinajd@instagram.com,Male,238.87.253.9
699,Horace,Sprigging,hspriggingje@studiopress.com,Male,193.182.38.63
700,Sol,Harwood,sharwoodjf@mysql.com,Male,7.116.35.11
701,Prue,Pickersail,ppickersailjg@newyorker.com,Female,12.202.81.30
702,Morgana,McIver,mmciverjh@vinaora.com,Female,66.144.192.143
703,Maryjo,Maskall,mmaskallji@privacy.gov.au,Female,173.224.239.55
704,Veronica,Gillespie,vgillespiejj@acquirethisname.com,Female,150.139.115.23
705,Keith,Curnnokk,kcurnnokkjk@slate.com,Male,252.80.26.68
706,Noell,Mellers,nmellersjl@wiley.com,Female,106.84.204.68
707,Melisent,Belf,mbelfjm@salon.com,Female,159.154.70.58
708,Rafa,Stranieri,rstranierijn@google.de,Female,54.199.137.128
709,Ange,Ollerearnshaw,aollerearnshawjo@elegantthemes.com,Male,94.173.111.85
710,Ulises,Oneil,uoneiljp@github.com,Male,120.25.33.180
711,Phaedra,Finney,pfinneyjq@pagesperso-orange.fr,Female,115.223.142.174
712,Ardene,Hoggan,ahogganjr@ow.ly,Female,87.70.145.169
713,Babara,Fenna,bfennajs@unblog.fr,Female,50.209.89.204
714,Tamara,Pilsworth,tpilsworthjt@vkontakte.ru,Female,137.173.203.143
715,Debby,Baroche,dbarocheju@berkeley.edu,Female,109.193.245.240
716,Felizio,Bettridge,fbettridgejv@microsoft.com,Male,26.203.76.236
717,Zackariah,Critten,zcrittenjw@paginegialle.it,Male,137.1.236.81
718,Judd,Roll,jrolljx@fastcompany.com,Male,51.90.82.103
719,Theresita,Jacklin,tjacklinjy@umich.edu,Female,90.35.182.112
720,Zoe,McKevany,zmckevanyjz@pen.io,Female,48.76.37.169
721,Selia,Knevett,sknevettk0@seesaa.net,Female,7.201.10.144
722,Stephan,Russam,srussamk1@state.tx.us,Male,241.140.187.116
723,Scarlet,D'Aubney,sdaubneyk2@utexas.edu,Female,128.228.209.92
724,Faun,Redit,freditk3@stumbleupon.com,Female,5.7.192.104
725,Boyce,Graysmark,bgraysmarkk4@latimes.com,Male,222.93.48.240
726,Delphine,Andreotti,dandreottik5@sciencedaily.com,Female,188.240.101.197
727,Terese,Stangoe,tstangoek6@php.net,Female,69.55.222.99
728,Heloise,Lasham,hlashamk7@businesswire.com,Female,240.46.186.102
729,Margret,Gedling,mgedlingk8@samsung.com,Female,199.212.46.16
730,Roma,O'Cahey,rocaheyk9@amazon.co.uk,Male,121.99.190.92
731,Stephani,Fuzzard,sfuzzardka@reuters.com,Female,210.93.10.193
732,Mercedes,O'Fihily,mofihilykb@t-online.de,Female,182.91.167.228
733,Kelwin,Ropars,kroparskc@google.co.jp,Male,222.40.64.108
734,Barbara-anne,Oiseau,boiseaukd@psu.edu,Female,167.239.74.197
735,Andie,Kobieriecki,akobierieckike@paginegialle.it,Female,192.24.121.158
736,Lucho,Pimlock,lpimlockkf@eventbrite.com,Male,202.28.6.119
737,Loni,Westcar,lwestcarkg@springer.com,Female,68.16.3.50
738,Angelica,Quipp,aquippkh@oaic.gov.au,Female,182.190.132.225
739,Verge,Tomkys,vtomkyski@nih.gov,Male,50.89.170.168
740,Catlee,Liebermann,cliebermannkj@blogs.com,Female,47.151.249.122
741,Adorne,Nardoni,anardonikk@mac.com,Female,57.51.185.6
742,Tedd,Kubasek,tkubasekkl@usda.gov,Male,143.25.171.78
743,Geri,Saunt,gsauntkm@unicef.org,Male,126.138.188.126
744,Brander,Gallamore,bgallamorekn@angelfire.com,Male,125.21.141.72
745,Guillema,Tures,gturesko@shutterfly.com,Female,26.235.62.206
746,Findley,Bernat,fbernatkp@alexa.com,Male,129.73.17.14
747,Kathy,Gibbetts,kgibbettskq@google.com.au,Female,130.151.167.137
748,Llywellyn,MacKeig,lmackeigkr@un.org,Male,15.93.115.133
749,Nariko,Overton,novertonks@ted.com,Female,213.241.8.99
750,Tera,Copner,tcopnerkt@ucoz.ru,Female,149.13.25.72
751,Hannah,Vallance,hvallanceku@blogspot.com,Female,7.12.217.180
752,Wittie,Bosche,wboschekv@theguardian.com,Male,230.171.153.8
753,Adena,Westmoreland,awestmorelandkw@usatoday.com,Female,85.18.101.168
754,Zena,Brighouse,zbrighousekx@abc.net.au,Female,192.118.18.235
755,Fabe,Elt,feltky@sohu.com,Male,75.32.163.57
756,Timofei,Kuhnt,tkuhntkz@list-manage.com,Male,78.183.54.135
757,Del,Dennes,ddennesl0@illinois.edu,Female,107.168.254.195
758,Sergeant,Chaperlin,schaperlinl1@telegraph.co.uk,Male,255.252.38.87
759,Giorgio,Parsell,gparselll2@businessinsider.com,Male,88.151.44.238
760,Janey,Avent,javentl3@wisc.edu,Female,108.129.223.190
761,Tanney,Aleevy,taleevyl4@google.ca,Male,75.188.51.181
762,Rickert,Yallop,ryallopl5@tinypic.com,Male,219.178.77.254
763,Garvy,Zecchinii,gzecchiniil6@abc.net.au,Male,155.23.9.174
764,Vivia,Smithson,vsmithsonl7@yellowpages.com,Female,202.255.239.119
765,Svend,Mapledorum,smapledoruml8@utexas.edu,Male,207.243.115.214
766,Noach,Petschel,npetschell9@plala.or.jp,Male,170.202.120.73
767,Aime,Allsworth,aallsworthla@cbc.ca,Female,60.221.155.187
768,Amble,Ackred,aackredlb@fema.gov,Male,132.165.80.209
769,Casi,Ber,cberlc@noaa.gov,Female,136.12.219.120
770,Umberto,Bellson,ubellsonld@blogspot.com,Male,1.9.89.0
771,Yvon,Masserel,ymasserelle@networkadvertising.org,Male,168.93.99.122
772,Alexandro,Lillee,alilleelf@blogger.com,Male,115.253.192.160
773,Dael,Inglesfield,dinglesfieldlg@sina.com.cn,Male,83.123.20.193
774,Kaylil,Dornin,kdorninlh@livejournal.com,Female,215.87.67.17
775,Chet,Laville,clavilleli@wired.com,Male,196.152.94.128
776,Newton,D'Ugo,ndugolj@guardian.co.uk,Male,66.139.22.160
777,Joanne,Napolitano,jnapolitanolk@ox.ac.uk,Female,216.191.121.95
778,Jae,Fick,jfickll@livejournal.com,Male,142.103.46.244
779,Salvidor,Aspinall,saspinalllm@princeton.edu,Male,104.116.143.59
780,Florette,Whardley,fwhardleyln@topsy.com,Female,220.21.237.92
781,Ebba,Sawford,esawfordlo@craigslist.org,Female,250.212.227.83
782,Bee,Lozano,blozanolp@bravesites.com,Female,214.191.60.218
783,Claretta,Blowen,cblowenlq@phpbb.com,Female,181.215.151.217
784,Nevil,Normansell,nnormanselllr@state.gov,Male,228.79.82.106
785,Giovanni,Blaylock,gblaylockls@auda.org.au,Male,127.116.23.79
786,Jacquetta,Houselee,jhouseleelt@ucla.edu,Female,10.20.189.41
787,Tristan,Pilcher,tpilcherlu@globo.com,Male,52.254.6.50
788,Stanislas,Le Port,sleportlv@bluehost.com,Male,16.200.208.101
789,Ashbey,Kliesl,akliesllw@blogger.com,Male,50.84.3.119
790,Liva,Whalebelly,lwhalebellylx@printfriendly.com,Female,139.26.81.108
791,Barret,Daggett,bdaggettly@tumblr.com,Male,16.131.4.36
792,Melany,Durram,mdurramlz@cornell.edu,Female,195.221.73.222
793,Prince,Yewdale,pyewdalem0@chronoengine.com,Male,110.245.230.108
794,Clarette,Ricoald,cricoaldm1@utexas.edu,Female,200.75.2.226
795,Damien,Boxen,dboxenm2@ted.com,Male,236.164.149.40
796,Sapphira,Ruffles,srufflesm3@moonfruit.com,Female,240.116.106.219
797,Tana,Wynter,twynterm4@icio.us,Female,107.198.87.161
798,Hugh,Tolemache,htolemachem5@merriam-webster.com,Male,168.184.46.17
799,Dagmar,Cawthron,dcawthronm6@ftc.gov,Female,239.39.201.121
800,Shalne,Driver,sdriverm7@nationalgeographic.com,Female,93.149.4.11
801,Guy,Wallett,gwallettm8@cloudflare.com,Male,38.190.58.237
802,Cathy,Sothern,csothernm9@symantec.com,Female,251.174.221.53
803,Willabella,Mills,wmillsma@blogs.com,Female,221.76.139.57
804,Maribel,Maria,mmariamb@miitbeian.gov.cn,Female,241.93.50.10
805,Tedd,Whitington,twhitingtonmc@cpanel.net,Male,49.104.86.157
806,Quinton,Britland,qbritlandmd@pen.io,Male,150.176.152.0
807,Yoshiko,Braam,ybraamme@typepad.com,Female,91.136.83.231
808,Jemmy,Northcliffe,jnorthcliffemf@thetimes.co.uk,Female,128.199.145.45
809,Griffith,Pickston,gpickstonmg@toplist.cz,Male,32.188.16.186
810,Roze,Cannan,rcannanmh@angelfire.com,Female,64.170.111.126
811,Pietrek,Morrish,pmorrishmi@geocities.com,Male,234.108.37.139
812,Roldan,Traves,rtravesmj@printfriendly.com,Male,95.8.4.92
813,Darbee,Athridge,dathridgemk@tamu.edu,Male,88.199.55.128
814,Inez,Easson,ieassonml@sitemeter.com,Female,54.78.4.216
815,Grantley,Catenot,gcatenotmm@clickbank.net,Male,33.148.167.27
816,Jaymie,Duiguid,jduiguidmn@dmoz.org,Male,127.31.30.177
817,Farlee,Moth,fmothmo@gnu.org,Male,67.22.144.180
818,Alvinia,Tucknutt,atucknuttmp@jalbum.net,Female,39.170.118.28
819,Alyson,Pauleit,apauleitmq@behance.net,Female,226.250.18.45
820,Reeba,Lisett,rlisettmr@gizmodo.com,Female,56.158.75.8
821,Robbert,Heed,rheedms@github.com,Male,71.113.179.143
822,Nan,Fleischmann,nfleischmannmt@wikimedia.org,Female,142.38.129.227
823,Anneliese,Frensche,afrenschemu@timesonline.co.uk,Female,180.231.106.195
824,Tamarra,Veel,tveelmv@blogger.com,Female,57.245.27.17
825,Town,Oyley,toyleymw@gmpg.org,Male,139.152.224.198
826,Monroe,Grinnov,mgrinnovmx@posterous.com,Male,198.130.131.110
827,Keriann,Fooks,kfooksmy@issuu.com,Female,138.158.4.61
828,Duke,Templar,dtemplarmz@archive.org,Male,188.215.81.232
829,Cyrus,Cesaric,ccesaricn0@hao123.com,Male,29.165.20.140
830,Ulrike,McDavid,umcdavidn1@squarespace.com,Female,74.231.11.216
831,Belva,Breagan,bbreagann2@illinois.edu,Female,158.43.136.44
832,Shelly,Stellin,sstellinn3@a8.net,Female,124.22.191.39
833,Nada,Whoston,nwhostonn4@altervista.org,Female,188.142.104.212
834,Tiebold,Boud,tboudn5@omniture.com,Male,182.127.24.202
835,Wilhelmina,McAvaddy,wmcavaddyn6@geocities.com,Female,200.84.231.151
836,Royce,Dack,rdackn7@barnesandnoble.com,Male,39.29.250.150
837,Fanechka,Boulsher,fboulshern8@bandcamp.com,Female,179.237.87.217
838,Shirline,Chewter,schewtern9@miitbeian.gov.cn,Female,71.147.242.147
839,Marcelline,Torricina,mtorricinana@umn.edu,Female,204.35.51.220
840,Guillermo,Walters,gwaltersnb@barnesandnoble.com,Male,248.165.29.32
841,Simon,Robottom,srobottomnc@columbia.edu,Male,34.185.205.93
842,Jefferey,Myott,jmyottnd@miitbeian.gov.cn,Male,99.115.166.16
843,Shir,Devita,sdevitane@sfgate.com,Female,97.45.102.237
844,Xaviera,Gammet,xgammetnf@umn.edu,Female,67.221.110.190
845,Debora,Gribbins,dgribbinsng@alexa.com,Female,31.189.93.244
846,Freddy,Assard,fassardnh@hud.gov,Male,191.205.134.5
847,Ignace,Loren,ilorenni@xing.com,Male,28.165.200.100
848,Jennie,Skates,jskatesnj@surveymonkey.com,Female,78.3.227.33
849,Monro,Reddington,mreddingtonnk@mail.ru,Male,159.183.43.164
850,De witt,Frisby,dfrisbynl@geocities.com,Male,206.175.130.166
851,Nicholas,Meneer,nmeneernm@technorati.com,Male,104.158.65.95
852,Christie,Lardnar,clardnarnn@homestead.com,Male,85.153.200.97
853,Rusty,O'Rowane,rorowaneno@over-blog.com,Male,248.3.130.33
854,Fleurette,Chippindale,fchippindalenp@i2i.jp,Female,237.100.212.116
855,Edvard,Chasmar,echasmarnq@hubpages.com,Male,239.152.60.147
856,Nikolas,Witcherley,nwitcherleynr@dagondesign.com,Male,89.198.249.11
857,Cecilius,Abbis,cabbisns@google.com.au,Male,136.142.159.75
858,Hoyt,Armin,harminnt@narod.ru,Male,135.230.240.119
859,Freddi,Bouttell,fbouttellnu@google.com.hk,Female,39.68.251.63
860,Lulu,Yellowlees,lyellowleesnv@sakura.ne.jp,Female,4.97.8.197
861,Rubin,Aggs,raggsnw@marriott.com,Male,77.233.177.37
862,Orly,Charter,ocharternx@jiathis.com,Female,188.119.251.242
863,Dougy,Tookill,dtookillny@gmpg.org,Male,19.201.219.9
864,Blondelle,Pfaffel,bpfaffelnz@acquirethisname.com,Female,62.153.229.182
865,Philip,Ripper,prippero0@creativecommons.org,Male,146.166.188.216
866,Mychal,Spedding,mspeddingo1@go.com,Male,191.32.180.139
867,Kippie,Claque,kclaqueo2@seattletimes.com,Male,67.13.236.76
868,Milty,Redmire,mredmireo3@businesswire.com,Male,245.203.185.170
869,Leslie,Ruggieri,lruggierio4@china.com.cn,Male,226.221.140.76
870,Priscilla,Raymont,praymonto5@bluehost.com,Female,121.121.99.218
871,Shannah,Brew,sbrewo6@privacy.gov.au,Female,126.19.144.124
872,Joshua,Gero,jgeroo7@amazon.de,Male,124.163.113.163
873,Kristel,Guirardin,kguirardino8@arstechnica.com,Female,84.82.69.92
874,Ayn,Philipsen,aphilipseno9@cargocollective.com,Female,71.179.99.238
875,Evaleen,Sillis,esillisoa@vistaprint.com,Female,162.148.114.205
876,Annmaria,Houlison,ahoulisonob@prlog.org,Female,199.88.216.2
877,Danette,Tower,dtoweroc@ftc.gov,Female,167.84.36.24
878,Winn,Millis,wmillisod@list-manage.com,Male,90.137.55.52
879,Eloise,Ranns,erannsoe@engadget.com,Female,159.63.180.74
880,Ambrosius,Cayton,acaytonof@lycos.com,Male,188.0.177.232
881,Lani,Safont,lsafontog@flavors.me,Female,179.107.198.158
882,York,De'Ath,ydeathoh@slate.com,Male,57.80.86.52
883,Ty,Gadeaux,tgadeauxoi@t.co,Male,43.192.139.113
884,Andromache,Hellier,ahellieroj@gnu.org,Female,103.86.65.196
885,Cullen,Maulin,cmaulinok@hp.com,Male,146.215.15.9
886,Anstice,Whaymand,awhaymandol@sina.com.cn,Female,86.141.127.99
887,Roxanne,Hollingsbee,rhollingsbeeom@microsoft.com,Female,101.59.38.172
888,Una,Hallowell,uhallowellon@parallels.com,Female,47.63.217.88
889,Carena,Curnock,ccurnockoo@opera.com,Female,44.226.10.88
890,Glen,Seebright,gseebrightop@behance.net,Male,213.7.225.37
891,Rebbecca,Schimonek,rschimonekoq@cocolog-nifty.com,Female,158.106.3.34
892,Carr,Leahy,cleahyor@soundcloud.com,Male,126.219.167.135
893,Cooper,Bartolozzi,cbartolozzios@usnews.com,Male,180.50.234.182
894,Mitchel,Kubanek,mkubanekot@about.com,Male,210.200.245.200
895,Demeter,Westnedge,dwestnedgeou@archive.org,Female,192.197.120.16
896,Roberta,Scruton,rscrutonov@uol.com.br,Female,149.195.186.254
897,Frans,Lingwood,flingwoodow@g.co,Male,40.101.102.43
898,Raynard,Kemmey,rkemmeyox@va.gov,Male,168.159.178.126
899,Staffard,Whitaker,swhitakeroy@mtv.com,Male,54.80.71.224
900,Ainslee,Frankis,afrankisoz@multiply.com,Female,86.246.67.35
901,Augusto,Eglington,aeglingtonp0@economist.com,Male,198.36.123.182
902,Wilden,Lethbridge,wlethbridgep1@imdb.com,Male,56.167.120.149
903,Ambrosi,Anker,aankerp2@google.com.au,Male,104.78.233.17
904,Fonzie,Copes,fcopesp3@com.com,Male,220.192.155.14
905,Ken,Allflatt,kallflattp4@wordpress.org,Male,124.161.180.3
906,Andris,Ick,aickp5@deliciousdays.com,Male,100.4.88.55
907,Emmerich,Aisthorpe,eaisthorpep6@youtube.com,Male,195.125.206.234
908,Lammond,Drain,ldrainp7@elegantthemes.com,Male,106.190.236.223
909,Wake,MacQuaker,wmacquakerp8@bing.com,Male,206.83.117.39
910,Chrissy,Vasnev,cvasnevp9@wikipedia.org,Female,69.26.140.254
911,Dukey,Bozward,dbozwardpa@opera.com,Male,234.83.176.35
912,Morley,Vannacci,mvannaccipb@springer.com,Male,132.35.242.8
913,Mathian,Netherclift,mnethercliftpc@ucoz.ru,Male,143.173.170.213
914,Dorena,Keepin,dkeepinpd@123-reg.co.uk,Female,35.156.150.150
915,Jaye,Epinoy,jepinoype@imdb.com,Male,37.156.27.65
916,Gun,Lowseley,glowseleypf@umich.edu,Male,247.47.237.204
917,Bari,Leeburn,bleeburnpg@sakura.ne.jp,Female,85.193.35.227
918,Bram,Blagden,bblagdenph@slideshare.net,Male,137.181.94.229
919,Wendi,Sanson,wsansonpi@plala.or.jp,Female,250.255.165.187
920,Jake,Adcock,jadcockpj@gov.uk,Male,196.97.204.240
921,Tamarra,Purcell,tpurcellpk@java.com,Female,151.249.63.202
922,Yurik,Pirson,ypirsonpl@xing.com,Male,130.221.55.185
923,Bailie,Belle,bbellepm@wiley.com,Male,144.73.89.98
924,See,Weighell,sweighellpn@sitemeter.com,Male,54.179.19.1
925,Bogey,Dangl,bdanglpo@woothemes.com,Male,65.5.111.110
926,Brig,Randle,brandlepp@flavors.me,Male,143.231.51.57
927,Derron,Tabram,dtabrampq@ucsd.edu,Male,235.4.203.158
928,Chickie,Winterson,cwintersonpr@alibaba.com,Male,171.10.212.38
929,Blaine,McIlharga,bmcilhargaps@ebay.co.uk,Male,107.45.234.226
930,Son,Pullar,spullarpt@de.vu,Male,125.52.204.14
931,Dallon,Eilhermann,deilhermannpu@virginia.edu,Male,86.180.110.59
932,Wallis,Hue,whuepv@webs.com,Female,77.55.213.245
933,Thane,Mantrup,tmantruppw@e-recht24.de,Male,185.28.174.62
934,Audrey,Keywood,akeywoodpx@opensource.org,Female,7.91.63.55
935,Dalston,Lindman,dlindmanpy@joomla.org,Male,15.6.52.84
936,Patty,Tiner,ptinerpz@4shared.com,Female,179.172.184.114
937,Cosimo,Brambill,cbrambillq0@nydailynews.com,Male,235.206.14.249
938,Drucie,Sargerson,dsargersonq1@macromedia.com,Female,213.239.34.235
939,Cordi,Trasler,ctraslerq2@omniture.com,Female,173.208.185.34
940,Rem,Buessen,rbuessenq3@cargocollective.com,Male,0.21.124.18
941,Jena,Camblin,jcamblinq4@sohu.com,Female,57.146.20.134
942,Alvie,Waddup,awaddupq5@epa.gov,Male,17.234.34.34
943,Mathian,Cuxson,mcuxsonq6@jalbum.net,Male,166.231.242.122
944,Wilek,Cluney,wcluneyq7@cyberchimps.com,Male,83.178.112.117
945,Cynde,Sandifer,csandiferq8@reuters.com,Female,143.204.207.190
946,Malynda,Broker,mbrokerq9@ucla.edu,Female,156.45.47.199
947,Lucian,Hinstock,lhinstockqa@squarespace.com,Male,81.162.75.144
948,Panchito,Leavesley,pleavesleyqb@about.com,Male,98.65.124.221
949,Arlyne,Hutchins,ahutchinsqc@gov.uk,Female,143.32.88.130
950,Terry,Mulqueen,tmulqueenqd@earthlink.net,Male,158.251.186.108
951,Willie,Wooller,wwoollerqe@tmall.com,Male,189.204.3.157
952,Rupert,Byrkmyr,rbyrkmyrqf@samsung.com,Male,136.70.36.130
953,Myrilla,Cheales,mchealesqg@freewebs.com,Female,114.44.191.113
954,Freemon,Byng,fbyngqh@xing.com,Male,17.127.104.139
955,Billy,Eytel,beytelqi@cnbc.com,Male,213.29.174.90
956,Jackie,Camel,jcamelqj@nih.gov,Male,144.160.198.1
957,Angy,Silley,asilleyqk@discuz.net,Female,8.133.85.192
958,Cazzie,Tolliday,ctollidayql@ameblo.jp,Male,92.58.233.127
959,Nerta,Mingame,nmingameqm@webeden.co.uk,Female,11.3.114.199
960,Xylina,Crathorne,xcrathorneqn@tripadvisor.com,Female,141.220.38.220
961,Archie,Maides,amaidesqo@loc.gov,Male,167.153.53.248
962,Wendell,Olander,wolanderqp@stanford.edu,Male,230.187.172.48
963,Richmound,Lippard,rlippardqq@people.com.cn,Male,34.234.128.238
964,Ambrose,Tommei,atommeiqr@ucla.edu,Male,177.98.187.92
965,Retha,Quimby,rquimbyqs@furl.net,Female,76.217.68.88
966,Cristiano,Punch,cpunchqt@constantcontact.com,Male,148.174.70.26
967,Aloysius,Avrashin,aavrashinqu@webeden.co.uk,Male,19.73.250.196
968,Reba,Spurdens,rspurdensqv@simplemachines.org,Female,17.197.190.181
969,Rheta,Gabe,rgabeqw@marketwatch.com,Female,177.109.216.205
970,Irma,Hibbart,ihibbartqx@addtoany.com,Female,69.29.120.9
971,Dian,Bernot,dbernotqy@google.co.jp,Female,200.126.35.230
972,Millie,Pirkis,mpirkisqz@multiply.com,Female,84.199.2.159
973,Eran,Stoodale,estoodaler0@pagesperso-orange.fr,Female,107.191.143.112
974,Collin,Wardroper,cwardroperr1@va.gov,Male,134.14.62.224
975,Brooke,Everwin,beverwinr2@ft.com,Female,196.5.132.119
976,Mischa,Witham,mwithamr3@craigslist.org,Male,178.97.255.116
977,Darla,Sanz,dsanzr4@phpbb.com,Female,31.16.6.253
978,Ernie,Hagwood,ehagwoodr5@last.fm,Male,137.168.141.137
979,Lula,Christin,lchristinr6@senate.gov,Female,122.10.196.80
980,Amy,Gylle,agyller7@networksolutions.com,Female,112.117.217.154
981,Banky,Narducci,bnarduccir8@cloudflare.com,Male,98.109.153.57
982,Indira,Denyer,idenyerr9@multiply.com,Female,251.21.72.89
983,Bennie,Dunstone,bdunstonera@taobao.com,Male,112.196.66.95
984,Adina,Cockram,acockramrb@amazon.de,Female,223.210.104.111
985,Hardy,Million,hmillionrc@imdb.com,Male,71.157.60.250
986,Gerek,Crolly,gcrollyrd@elpais.com,Male,177.232.150.229
987,Dredi,Rickardsson,drickardssonre@usgs.gov,Female,233.6.86.187
988,Em,Miner,eminerrf@pinterest.com,Female,30.40.182.136
989,Edy,Stagg,estaggrg@mac.com,Female,52.209.148.120
990,Roseline,Coady,rcoadyrh@newyorker.com,Female,126.120.96.147
991,Ulrika,McLaine,umclaineri@gnu.org,Female,54.134.175.11
992,Marlane,Shapira,mshapirarj@cdbaby.com,Female,122.36.174.6
993,Moyra,Martello,mmartellork@oaic.gov.au,Female,243.53.38.208
994,Roana,Youles,ryoulesrl@cnet.com,Female,131.177.89.61
995,Arne,Davidek,adavidekrm@paginegialle.it,Male,223.222.12.184
996,Marcelo,Decreuze,mdecreuzern@nhs.uk,Male,231.109.212.132
997,Crysta,Kynder,ckynderro@microsoft.com,Female,151.195.49.50
998,Hayden,Loseby,hlosebyrp@army.mil,Male,103.187.165.242
999,Cristiano,Asbury,casburyrq@sourceforge.net,Male,124.207.43.198
1000,Rudy,Thomassen,rthomassenrr@hc360.com,Male,173.182.246.77
